handouts,lectures,discussion_problems,assignments
handouts/340S CS103 Final Exam Solutions.pdf,,,
,,,
,,,
,,,
,,,
,,,
handouts/300 Problem Set 9.pdf,,,handouts/300 Problem Set 9.pdf
,,,
,,,
,,,
handouts/290 Practice CS103 Final.pdf,,,
,,,
,,,
,,,
,,,
,,,
,,,
handouts/260 Problem Set 8.pdf,,,handouts/260 Problem Set 8.pdf
,,,
,,,
,,,
,,,
handouts/220 Problem Set 7.pdf,,,handouts/220 Problem Set 7.pdf
,,,
,,,
handouts/190S CS103 Midterm Solutions.pdf,,,
handouts/200 Problem Set 6.pdf,,,handouts/200 Problem Set 6.pdf
,,,
,,,
,,,
,,,
,,,
,,,
,,,
,,,
handouts/170 Problem Set 5.pdf,,,handouts/170 Problem Set 5.pdf
,,,
,,,
,,,
,,,
handouts/160 Exam Strategies.pdf,,,
handouts/120 Problem Set 4.pdf,,,handouts/120 Problem Set 4.pdf
,,,
,,,
,,,
,,,
,,,
,,,
,,,
handouts/100 Problem Set 3.pdf,,,handouts/100 Problem Set 3.pdf
,,,
,,,
handouts/080 Problem Set 2.pdf,,,handouts/080 Problem Set 2.pdf
,,,
,,,
,,,
,,,
handouts/050 Problem Set 1.pdf,,,handouts/050 Problem Set 1.pdf
,,,
"handouts/020 Problem Set Policies.pdf,handouts/030 Honor Code.pdf,handouts/040 Set Theory Definitions.pdf",,,handouts/020 Problem Set Policies.pdf
,,,
,,,
,,,
,,,
"handouts/000 Course Information.pdf,handouts/010 Syllabus.pdf,handouts/020 Problem Set Policies.pdf,handouts/030 Honor Code.pdf,handouts/040 Set Theory Definitions.pdf,handouts/070 Guide to Proofs.pdf,handouts/140 Practice Midterm 1.pdf,handouts/140S Practice Midterm 1 Solutions.pdf,handouts/150 Practice Midterm 2.pdf,handouts/150S Practice Midterm 2 Solutions.pdf,handouts/160 Exam Strategies.pdf,handouts/180 Extra Review Problems.pdf,handouts/180S Extra Review Problems Solutions.pdf,handouts/190S CS103 Midterm Solutions.pdf,handouts/240 Alternate Proofs on Turing Machines.pdf,handouts/250 Extra Practice Problems.pdf,handouts/250S Solutions to Extra Practice Problems.pdf,handouts/280 Extra Practice Problems 2.pdf,handouts/280S Solutions to Extra Practice Problems 2.pdf,handouts/290 Practice CS103 Final.pdf,handouts/310 Additional Practice Final 1.pdf,handouts/310S Additional Practice Final 1 Solutions.pdf,handouts/320 Additional Practice Final 2.pdf,handouts/320S Additional Practice Final 2 Solutions.pdf,handouts/340 CS103 Final Exam.pdf,handouts/340S CS103 Final Exam Solutions.pdf",,,handouts/020 Problem Set Policies.pdf
"handouts/270 Discussion Problems 7.pdf,handouts/270S Discussion Solutions 7.pdf,handouts/330 Discussion Problems 8.pdf,handouts/330S Discussion Solutions 8.pdf",,"handouts/270 Discussion Problems 7.pdf,handouts/330 Discussion Problems 8.pdf",
"handouts/050 Problem Set 1.pdf,handouts/050C Problem Set 1 Checkpoint Solutions.pdf,handouts/050S Problem Set 1 Solutions.pdf,handouts/080 Problem Set 2.pdf,handouts/080C Problem Set 2 Checkpoint Solutions.pdf,handouts/080S Problem Set 2 Solutions.pdf,handouts/100 Problem Set 3.pdf,handouts/100C Problem Set 3 Checkpoint Solutions.pdf,handouts/100S Problem Set 3 Solutions.pdf,handouts/120 Problem Set 4.pdf,handouts/120C Problem Set 4 Checkpoint Solutions.pdf,handouts/120S Problem Set 4 Solutions.pdf,handouts/170 Problem Set 5.pdf,handouts/170S Problem Set 5 Solutions.pdf,handouts/200 Problem Set 6.pdf,handouts/200S Problem Set 6 Solutions.pdf,handouts/220 Problem Set 7.pdf,handouts/220S Problem Set 7 Solutions.pdf,handouts/260 Problem Set 8.pdf,handouts/260S Problem Set 8 Solutions.pdf,handouts/300 Problem Set 9.pdf,handouts/300S Problem Set 9 Solutions.pdf",,,"handouts/050 Problem Set 1.pdf,handouts/050C Problem Set 1 Checkpoint Solutions.pdf,handouts/050S Problem Set 1 Solutions.pdf,handouts/080 Problem Set 2.pdf,handouts/080C Problem Set 2 Checkpoint Solutions.pdf,handouts/080S Problem Set 2 Solutions.pdf,handouts/100 Problem Set 3.pdf,handouts/100C Problem Set 3 Checkpoint Solutions.pdf,handouts/100S Problem Set 3 Solutions.pdf,handouts/120 Problem Set 4.pdf,handouts/120C Problem Set 4 Checkpoint Solutions.pdf,handouts/120S Problem Set 4 Solutions.pdf,handouts/170 Problem Set 5.pdf,handouts/170S Problem Set 5 Solutions.pdf,handouts/200 Problem Set 6.pdf,handouts/200S Problem Set 6 Solutions.pdf,handouts/220 Problem Set 7.pdf,handouts/220S Problem Set 7 Solutions.pdf,handouts/260 Problem Set 8.pdf,handouts/260S Problem Set 8 Solutions.pdf,handouts/300 Problem Set 9.pdf,handouts/300S Problem Set 9 Solutions.pdf"
,,,
,,,
